file,wall_main,wall_basement,wall_pony,wall_basement_header,wall_crawl,wall_crawl_header,F,D,FD,W,FDWR
HTAP-sim-1\227NN01552.h2k,220.599,4.533,45.338,11.334,0.000,0.000,42.704,5.203,47.907,281.804,0.170
HTAP-sim-1\file-postsub.h2k,220.599,4.533,45.338,11.334,0.000,0.000,42.704,5.203,47.907,281.804,0.170
HTAP-sim-1\file-presub.h2k,220.599,4.534,45.338,11.334,0.000,0.000,30.658,5.203,35.861,281.805,0.127
HTAP-sim-1\run_file_file_1.h2k,220.599,4.533,45.338,11.334,0.000,0.000,42.704,5.203,47.907,281.804,0.170
HTAP-sim-10\BC-Step-Quad-mkt.h2k,438.371,5.621,61.827,11.016,0.000,0.000,80.394,37.781,118.175,516.835,0.229
HTAP-sim-10\file-postsub.h2k,438.371,5.621,61.827,11.016,0.000,0.000,80.394,37.781,118.175,516.835,0.229
HTAP-sim-10\file-presub.h2k,438.371,5.621,61.827,11.016,0.000,0.000,76.651,37.781,114.432,516.835,0.221
HTAP-sim-10\run_file_file_1.h2k,438.371,5.621,61.827,11.016,0.000,0.000,80.394,37.781,118.175,516.835,0.229
HTAP-sim-11\BC-Step-rev-LargeSFD.h2k,442.004,14.099,50.517,0.000,0.000,0.000,78.507,7.618,86.125,506.620,0.170
HTAP-sim-11\file-postsub.h2k,442.004,14.099,50.517,0.000,0.000,0.000,78.507,7.618,86.125,506.620,0.170
HTAP-sim-11\file-presub.h2k,442.004,14.099,50.517,0.000,0.000,0.000,66.751,7.618,74.369,506.620,0.147
HTAP-sim-11\run_file_file_1.h2k,442.004,14.099,50.517,0.000,0.000,0.000,78.507,7.618,86.125,506.620,0.170
HTAP-sim-12\BC-Step-rev-MediumSFD.h2k,204.524,6.550,23.467,0.000,0.000,0.000,36.063,3.809,39.872,234.542,0.170
HTAP-sim-12\file-postsub.h2k,204.524,6.550,23.467,0.000,0.000,0.000,36.063,3.809,39.872,234.542,0.170
HTAP-sim-12\file-presub.h2k,204.524,6.550,23.467,0.000,0.000,0.000,30.937,3.809,34.746,234.542,0.148
HTAP-sim-12\run_file_file_1.h2k,204.524,6.550,23.467,0.000,0.000,0.000,36.063,3.809,39.872,234.542,0.170
HTAP-sim-13\BC-Step-rev-Murb1.h2k,865.731,3.346,40.146,6.585,0.000,0.000,172.706,28.772,201.478,915.808,0.220
HTAP-sim-13\file-postsub.h2k,865.731,0.000,0.000,6.585,0.000,0.000,172.706,28.772,201.478,872.316,0.231
HTAP-sim-13\file-presub.h2k,865.731,3.346,40.146,6.585,0.000,0.000,234.394,28.772,263.166,915.808,0.287
HTAP-sim-13\run_file_file_1.h2k,865.731,3.346,40.146,6.585,0.000,0.000,172.706,28.772,201.478,915.808,0.220
HTAP-sim-14\BC-Step-rev-Quad.h2k,438.371,5.621,61.827,11.016,0.000,0.000,80.394,37.781,118.175,516.835,0.229
HTAP-sim-14\file-postsub.h2k,438.371,5.621,61.827,11.016,0.000,0.000,80.394,37.781,118.175,516.835,0.229
HTAP-sim-14\file-presub.h2k,438.371,5.621,61.827,11.016,0.000,0.000,76.651,37.781,114.432,516.835,0.221
HTAP-sim-14\run_file_file_1.h2k,438.371,5.621,61.827,11.016,0.000,0.000,80.394,37.781,118.175,516.835,0.229
HTAP-sim-15\BC-Step-rev-Row.h2k,778.751,0.000,0.000,0.000,0.000,0.000,133.374,37.951,171.325,778.751,0.220
HTAP-sim-15\file-postsub.h2k,778.751,0.000,0.000,0.000,0.000,0.000,133.374,37.951,171.325,778.751,0.220
HTAP-sim-15\file-presub.h2k,778.751,0.000,0.000,0.000,0.000,0.000,173.357,37.951,211.308,778.751,0.271
HTAP-sim-15\run_file_file_1.h2k,778.751,0.000,0.000,0.000,0.000,0.000,133.374,37.951,171.325,778.751,0.220
HTAP-sim-16\BC-Step-rev-SmallSFD.h2k,124.943,0.000,0.000,0.000,14.214,0.000,26.585,1.905,28.490,139.157,0.205
HTAP-sim-16\file-postsub.h2k,124.943,0.000,0.000,0.000,14.214,0.000,26.585,1.905,28.490,139.157,0.205
HTAP-sim-16\file-presub.h2k,124.943,0.000,0.000,0.000,42.642,0.000,13.394,1.905,15.298,167.585,0.091
HTAP-sim-16\run_file_file_1.h2k,124.943,0.000,0.000,0.000,14.214,0.000,26.585,1.905,28.490,139.157,0.205
HTAP-sim-17\BC-Step-Row-11uBCH.h2k,778.751,0.000,0.000,0.000,0.000,0.000,133.374,37.951,171.325,778.751,0.220
HTAP-sim-17\file-postsub.h2k,778.751,0.000,0.000,0.000,0.000,0.000,133.374,37.951,171.325,778.751,0.220
HTAP-sim-17\file-presub.h2k,778.751,0.000,0.000,0.000,0.000,0.000,173.357,37.951,211.308,778.751,0.271
HTAP-sim-17\run_file_file_1.h2k,778.751,0.000,0.000,0.000,0.000,0.000,133.374,37.951,171.325,778.751,0.220
HTAP-sim-18\BC-Step-Row-mkt.h2k,778.751,0.000,0.000,0.000,0.000,0.000,133.374,37.951,171.325,778.751,0.220
HTAP-sim-18\file-postsub.h2k,778.751,0.000,0.000,0.000,0.000,0.000,133.374,37.951,171.325,778.751,0.220
HTAP-sim-18\file-presub.h2k,778.751,0.000,0.000,0.000,0.000,0.000,173.357,37.951,211.308,778.751,0.271
HTAP-sim-18\run_file_file_1.h2k,778.751,0.000,0.000,0.000,0.000,0.000,133.374,37.951,171.325,778.751,0.220
HTAP-sim-19\BC-Step-SmallSFD.h2k,124.943,0.000,0.000,0.000,153.000,0.000,26.585,1.905,28.490,277.943,0.103
HTAP-sim-19\file-postsub.h2k,124.943,0.000,0.000,0.000,14.214,0.000,26.585,1.905,28.490,139.157,0.205
HTAP-sim-19\file-presub.h2k,124.943,0.000,0.000,0.000,42.642,0.000,13.394,1.905,15.298,167.585,0.091
HTAP-sim-19\run_file_file_1.h2k,124.943,0.000,0.000,0.000,153.000,0.000,26.585,1.905,28.490,277.943,0.103
HTAP-sim-2\BC-Step-LargeSFD.h2k,442.004,14.099,50.517,0.000,0.000,0.000,78.507,7.618,86.125,506.620,0.170
HTAP-sim-2\file-postsub.h2k,442.004,14.099,50.517,0.000,0.000,0.000,78.507,7.618,86.125,506.620,0.170
HTAP-sim-2\file-presub.h2k,442.004,14.099,50.517,0.000,0.000,0.000,66.751,7.618,74.369,506.620,0.147
HTAP-sim-2\run_file_file_1.h2k,442.004,14.099,50.517,0.000,0.000,0.000,78.507,7.618,86.125,506.620,0.170
HTAP-sim-20\file-postsub.h2k,67.493,11.482,0.000,0.000,0.000,0.000,19.297,5.461,24.758,78.975,0.313
HTAP-sim-20\file-presub.h2k,97.542,11.482,0.000,0.000,0.000,0.000,20.326,5.461,25.787,109.024,0.237
HTAP-sim-20\NRCan-A11_1500sf_2storey_rowMid_fullBsmt.h2k,97.542,11.482,0.000,0.000,0.000,0.000,19.297,5.461,24.758,109.024,0.227
HTAP-sim-20\run_file_file_1.h2k,97.542,11.482,0.000,0.000,0.000,0.000,19.297,5.461,24.758,109.024,0.227
HTAP-sim-21\file-postsub.h2k,279.627,38.280,48.400,0.000,0.000,0.000,63.650,3.903,67.553,366.307,0.184
HTAP-sim-21\file-presub.h2k,279.627,38.280,48.400,0.000,0.000,0.000,62.438,3.903,66.341,366.307,0.181
HTAP-sim-21\NRCan-A9_3000sf_2stry_walkOut.h2k,279.627,38.280,48.400,0.000,0.000,0.000,63.650,3.903,67.553,366.307,0.184
HTAP-sim-21\run_file_file_1.h2k,279.627,38.280,48.400,0.000,0.000,0.000,63.650,3.903,67.553,366.307,0.184
HTAP-sim-22\file-postsub.h2k,102.118,11.025,0.000,0.000,0.000,0.000,25.446,5.410,30.856,113.143,0.273
HTAP-sim-22\file-presub.h2k,133.949,11.025,0.000,0.000,0.000,0.000,24.674,5.410,30.083,144.974,0.208
HTAP-sim-22\NRCan-arch10_1500sf_2storey_rowEnd_fullBsmt.h2k,133.949,11.025,0.000,0.000,0.000,0.000,25.446,5.410,30.856,144.974,0.213
HTAP-sim-22\run_file_file_1.h2k,133.949,11.025,0.000,0.000,0.000,0.000,25.446,5.410,30.856,144.974,0.213
HTAP-sim-23\file-postsub.h2k,74.927,18.960,0.000,0.000,0.000,0.000,19.916,3.822,23.738,93.887,0.253
HTAP-sim-23\file-presub.h2k,88.940,18.960,0.000,0.000,0.000,0.000,23.689,3.822,27.511,107.900,0.255
HTAP-sim-23\NRCan-arch1_1000sf_1storey_fullBsmt.h2k,88.940,18.960,0.000,0.000,0.000,0.000,19.916,3.822,23.738,107.900,0.220
HTAP-sim-23\run_file_file_1.h2k,88.940,18.960,0.000,0.000,0.000,0.000,19.916,3.822,23.738,107.900,0.220
HTAP-sim-24\file-postsub.h2k,173.263,0.000,0.000,0.000,55.278,0.000,36.842,2.010,38.852,228.541,0.170
HTAP-sim-24\file-presub.h2k,173.264,0.000,0.000,0.000,55.278,0.000,13.843,2.010,15.853,228.542,0.069
HTAP-sim-24\NRCan-arch2_1900sqft_1storey_crawlSpace.h2k,173.264,0.000,0.000,0.000,55.278,0.000,36.842,2.010,38.852,228.542,0.170
HTAP-sim-24\run_file_file_1.h2k,173.264,0.000,0.000,0.000,55.278,0.000,36.842,2.010,38.852,228.542,0.170
HTAP-sim-25\file-postsub.h2k,141.218,24.388,0.000,0.000,0.000,0.000,23.159,8.581,31.740,165.607,0.192
HTAP-sim-25\file-presub.h2k,161.055,24.388,0.000,0.000,0.000,0.000,20.923,8.581,29.503,185.444,0.159
HTAP-sim-25\NRCan-arch3_1300sf_2storey_fullBsmt.h2k,161.055,24.388,0.000,0.000,0.000,0.000,23.159,8.581,31.740,185.444,0.171
HTAP-sim-25\run_file_file_1.h2k,161.055,24.388,0.000,0.000,0.000,0.000,23.159,8.581,31.740,185.444,0.171
HTAP-sim-26\file-postsub.h2k,204.552,30.092,0.000,0.000,0.000,0.000,36.080,3.809,39.889,234.644,0.170
HTAP-sim-26\file-presub.h2k,204.552,30.092,0.000,0.000,0.000,0.000,30.937,3.809,34.746,234.644,0.148
HTAP-sim-26\NRCan-arch4_2100sf_2storey_fullBsmt.h2k,204.552,30.092,0.000,0.000,0.000,0.000,36.080,3.809,39.889,234.644,0.170
HTAP-sim-26\run_file_file_1.h2k,204.552,30.092,0.000,0.000,0.000,0.000,36.080,3.809,39.889,234.644,0.170
HTAP-sim-27\file-postsub.h2k,312.797,11.915,0.000,0.000,0.000,0.000,49.049,10.766,59.815,324.712,0.184
HTAP-sim-27\file-presub.h2k,332.851,11.915,0.000,0.000,0.000,0.000,36.776,10.766,47.543,344.766,0.138
HTAP-sim-27\NRCan-arch5_3500sf_2storey_fullBsmt.h2k,332.851,11.915,0.000,0.000,0.000,0.000,49.049,10.766,59.815,344.766,0.173
HTAP-sim-27\run_file_file_1.h2k,332.851,11.915,0.000,0.000,0.000,0.000,49.049,10.766,59.815,344.766,0.173
HTAP-sim-28\file-postsub.h2k,312.797,11.915,0.000,0.000,0.000,0.000,51.186,10.611,61.797,324.712,0.190
HTAP-sim-28\file-presub.h2k,332.851,11.915,0.000,0.000,0.000,0.000,45.540,10.611,56.151,344.766,0.163
HTAP-sim-28\NRCan-arch6_3500sf_2st_15%moreGlass_fullBsmt.h2k,332.851,11.915,0.000,0.000,0.000,0.000,51.186,10.611,61.797,344.766,0.179
HTAP-sim-28\run_file_file_1.h2k,332.851,11.915,0.000,0.000,0.000,0.000,51.186,10.611,61.797,344.766,0.179
HTAP-sim-29\file-postsub.h2k,262.248,0.000,0.000,0.000,0.000,0.000,41.959,9.190,51.148,262.248,0.195
HTAP-sim-29\file-presub.h2k,292.053,0.000,0.000,0.000,0.000,0.000,27.884,9.190,37.073,292.053,0.127
HTAP-sim-29\NRCan-arch7_2100sf_2storey_slabOnGrade.h2k,292.053,0.000,0.000,0.000,0.000,0.000,41.959,9.190,51.148,292.053,0.175
HTAP-sim-29\run_file_file_1.h2k,292.053,0.000,0.000,0.000,0.000,0.000,41.959,9.190,51.148,292.053,0.175
HTAP-sim-3\BC-Step-MediumSFD.h2k,204.524,6.550,23.467,0.000,0.000,0.000,36.063,3.809,39.872,234.542,0.170
HTAP-sim-3\file-postsub.h2k,204.524,6.550,23.467,0.000,0.000,0.000,36.063,3.809,39.872,234.542,0.170
HTAP-sim-3\file-presub.h2k,204.524,6.550,23.467,0.000,0.000,0.000,30.937,3.809,34.746,234.542,0.148
HTAP-sim-3\run_file_file_1.h2k,204.524,6.550,23.467,0.000,0.000,0.000,36.063,3.809,39.872,234.542,0.170
HTAP-sim-30\file-postsub.h2k,238.398,35.359,34.987,0.000,0.000,0.000,50.583,1.904,52.486,308.744,0.170
HTAP-sim-30\file-presub.h2k,238.398,35.359,34.987,0.000,0.000,0.000,32.883,1.904,34.787,308.744,0.113
HTAP-sim-30\NRCan-arch8_2100sf_2storey_walkOut.h2k,238.398,35.359,34.987,0.000,0.000,0.000,50.583,1.904,52.486,308.744,0.170
HTAP-sim-30\run_file_file_1.h2k,238.398,35.359,34.987,0.000,0.000,0.000,50.583,1.904,52.486,308.744,0.170
HTAP-sim-4\BC-Step-MURB10.h2k,865.731,3.346,40.146,6.585,0.000,0.000,172.706,28.772,201.478,915.808,0.220
HTAP-sim-4\file-postsub.h2k,865.731,0.000,0.000,6.585,0.000,0.000,172.706,28.772,201.478,872.316,0.231
HTAP-sim-4\file-presub.h2k,865.731,3.346,40.146,6.585,0.000,0.000,234.394,28.772,263.166,915.808,0.287
HTAP-sim-4\run_file_file_1.h2k,865.731,3.346,40.146,6.585,0.000,0.000,172.706,28.772,201.478,915.808,0.220
HTAP-sim-5\BC-Step-MURB20.h2k,865.715,3.346,40.146,6.585,0.000,0.000,172.703,28.772,201.474,915.792,0.220
HTAP-sim-5\file-postsub.h2k,865.715,0.000,0.000,6.585,0.000,0.000,172.703,28.772,201.474,872.300,0.231
HTAP-sim-5\file-presub.h2k,865.715,3.346,40.146,6.585,0.000,0.000,234.394,28.772,263.166,915.792,0.287
HTAP-sim-5\run_file_file_1.h2k,865.715,3.346,40.146,6.585,0.000,0.000,172.703,28.772,201.474,915.792,0.220
HTAP-sim-6\BC-Step-NZEH-1-example.h2k,472.382,12.707,0.000,1.017,1.209,3.452,89.575,17.610,107.186,490.767,0.218
HTAP-sim-6\file-postsub.h2k,472.382,12.707,0.000,1.017,2.388,3.452,89.575,17.610,107.186,491.947,0.218
HTAP-sim-6\file-presub.h2k,472.382,12.707,0.000,1.017,18.760,3.452,80.055,17.610,97.666,508.319,0.192
HTAP-sim-6\run_file_file_1.h2k,472.382,12.707,0.000,1.017,1.209,3.452,89.575,17.610,107.186,490.767,0.218
HTAP-sim-7\BC-Step-NZEH-1-example1112.h2k,472.382,12.707,0.000,1.017,1.209,3.452,89.575,17.610,107.186,490.767,0.218
HTAP-sim-7\file-postsub.h2k,472.382,12.707,0.000,1.017,2.388,3.452,89.575,17.610,107.186,491.947,0.218
HTAP-sim-7\file-presub.h2k,472.382,12.707,0.000,1.017,1.209,3.452,80.055,17.610,97.666,490.767,0.199
HTAP-sim-7\run_file_file_1.h2k,472.382,12.707,0.000,1.017,1.209,3.452,89.575,17.610,107.186,490.767,0.218
HTAP-sim-8\BC-Step-Quad-BCH-v118.h2k,438.371,5.621,61.827,11.016,0.000,0.000,80.394,37.781,118.175,516.835,0.229
HTAP-sim-8\file-postsub.h2k,438.371,5.621,61.827,11.016,0.000,0.000,80.394,37.781,118.175,516.835,0.229
HTAP-sim-8\file-presub.h2k,438.371,5.621,61.827,11.016,0.000,0.000,76.651,37.781,114.432,516.835,0.221
HTAP-sim-8\run_file_file_1.h2k,438.371,5.621,61.827,11.016,0.000,0.000,80.394,37.781,118.175,516.835,0.229
HTAP-sim-9\BC-Step-Quad-BCH.h2k,438.371,5.621,61.827,11.016,0.000,0.000,80.394,37.781,118.175,516.835,0.229
HTAP-sim-9\file-postsub.h2k,438.371,5.621,61.827,11.016,0.000,0.000,80.394,37.781,118.175,516.835,0.229
HTAP-sim-9\file-presub.h2k,438.371,5.621,61.827,11.016,0.000,0.000,76.651,37.781,114.432,516.835,0.221
HTAP-sim-9\run_file_file_1.h2k,438.371,5.621,61.827,11.016,0.000,0.000,80.394,37.781,118.175,516.835,0.229
